{"cameraMode":{"drawMode":0,"name":"Shaded","section":"Shading Mode"},"sceneLighting":true,"audioPlay":false,"sceneViewState":{"m_AlwaysRefresh":false,"showFog":true,"showSkybox":true,"showFlares":true,"showImageEffects":true,"showParticleSystems":true,"showVisualEffectGraphs":true,"m_FxEnabled":true},"in2DMode":false,"pivot":{"x":459.4285583496094,"y":-28.605304718017579,"z":364.94586181640627},"rotation":{"x":0.22590233385562898,"y":-0.1148822084069252,"z":0.026838308200240136,"w":0.9669814109802246},"size":76.44307708740235,"orthographic":false}