{"cameraMode":{"drawMode":0,"name":"Shaded","section":"Shading Mode"},"sceneLighting":false,"audioPlay":false,"sceneViewState":{"m_AlwaysRefresh":false,"showFog":true,"showSkybox":false,"showFlares":true,"showImageEffects":true,"showParticleSystems":true,"showVisualEffectGraphs":true,"m_FxEnabled":true},"in2DMode":false,"pivot":{"x":0.9507321119308472,"y":0.7077251672744751,"z":0.028418809175491334},"rotation":{"x":-0.167458176612854,"y":-0.8202607035636902,"z":0.30063650012016299,"w":-0.4568926990032196},"size":1.4072363376617432,"orthographic":false}